"filename", "language", "Markdown", "JavaScript", "JSON", "PostCSS", "JavaScript JSX", "HTML", "comment", "blank", "total"
"c:\Users\Youssef Khaled\Documents\GitHub\Bindly\README.md", "Markdown", 4, 0, 0, 0, 0, 0, 0, 2, 6
"c:\Users\Youssef Khaled\Documents\GitHub\Bindly\VERIFICATION_FLOW_IMPLEMENTATION.md", "Markdown", 100, 0, 0, 0, 0, 0, 0, 34, 134
"c:\Users\Youssef Khaled\Documents\GitHub\Bindly\backend\.eslintrc.js", "JavaScript", 0, 18, 0, 0, 0, 0, 1, 1, 20
"c:\Users\Youssef Khaled\Documents\GitHub\Bindly\backend\AUTH_API_DOCUMENTATION.md", "Markdown", 206, 0, 0, 0, 0, 0, 0, 39, 245
"c:\Users\Youssef Khaled\Documents\GitHub\Bindly\backend\EMAIL_SETUP_GUIDE.md", "Markdown", 51, 0, 0, 0, 0, 0, 0, 19, 70
"c:\Users\Youssef Khaled\Documents\GitHub\Bindly\backend\ENV_SETUP.md", "Markdown", 17, 0, 0, 0, 0, 0, 0, 10, 27
"c:\Users\Youssef Khaled\Documents\GitHub\Bindly\backend\POSTMAN_TESTING_GUIDE.md", "Markdown", 370, 0, 0, 0, 0, 0, 0, 61, 431
"c:\Users\Youssef Khaled\Documents\GitHub\Bindly\backend\controllers\adminAccountsController.js", "JavaScript", 0, 92, 0, 0, 0, 0, 5, 14, 111
"c:\Users\Youssef Khaled\Documents\GitHub\Bindly\backend\controllers\adminController.js", "JavaScript", 0, 599, 0, 0, 0, 0, 61, 102, 762
"c:\Users\Youssef Khaled\Documents\GitHub\Bindly\backend\controllers\announcementController.js", "JavaScript", 0, 136, 0, 0, 0, 0, 12, 25, 173
"c:\Users\Youssef Khaled\Documents\GitHub\Bindly\backend\controllers\authController.js", "JavaScript", 0, 565, 0, 0, 0, 0, 44, 88, 697
"c:\Users\Youssef Khaled\Documents\GitHub\Bindly\backend\controllers\authVerifyController.js", "JavaScript", 0, 21, 0, 0, 0, 0, 1, 5, 27
"c:\Users\Youssef Khaled\Documents\GitHub\Bindly\backend\controllers\bazaarController.js", "JavaScript", 0, 154, 0, 0, 0, 0, 15, 27, 196
"c:\Users\Youssef Khaled\Documents\GitHub\Bindly\backend\controllers\boothController.js", "JavaScript", 0, 142, 0, 0, 0, 0, 10, 31, 183
"c:\Users\Youssef Khaled\Documents\GitHub\Bindly\backend\controllers\courtController.js", "JavaScript", 0, 370, 0, 0, 0, 0, 22, 55, 447
"c:\Users\Youssef Khaled\Documents\GitHub\Bindly\backend\controllers\dashboardController.js", "JavaScript", 0, 171, 0, 0, 0, 0, 24, 40, 235
"c:\Users\Youssef Khaled\Documents\GitHub\Bindly\backend\controllers\devEmailController.js", "JavaScript", 0, 75, 0, 0, 0, 0, 5, 10, 90
"c:\Users\Youssef Khaled\Documents\GitHub\Bindly\backend\controllers\eventController.js", "JavaScript", 0, 1349, 0, 0, 0, 0, 111, 191, 1651
"c:\Users\Youssef Khaled\Documents\GitHub\Bindly\backend\controllers\gymController.js", "JavaScript", 0, 81, 0, 0, 0, 0, 6, 15, 102
"c:\Users\Youssef Khaled\Documents\GitHub\Bindly\backend\controllers\gymSessionController.js", "JavaScript", 0, 428, 0, 0, 0, 0, 41, 68, 537
"c:\Users\Youssef Khaled\Documents\GitHub\Bindly\backend\controllers\paymentVerificationController.js", "JavaScript", 0, 116, 0, 0, 0, 0, 9, 20, 145
"c:\Users\Youssef Khaled\Documents\GitHub\Bindly\backend\controllers\professorController.js", "JavaScript", 0, 37, 0, 0, 0, 0, 3, 4, 44
"c:\Users\Youssef Khaled\Documents\GitHub\Bindly\backend\controllers\stripeSuccessController.js", "JavaScript", 0, 110, 0, 0, 0, 0, 9, 18, 137
"c:\Users\Youssef Khaled\Documents\GitHub\Bindly\backend\controllers\stripeWebhookController.js", "JavaScript", 0, 119, 0, 0, 0, 0, 9, 19, 147
"c:\Users\Youssef Khaled\Documents\GitHub\Bindly\backend\controllers\studentRegistrationController.js", "JavaScript", 0, 301, 0, 0, 0, 0, 26, 44, 371
"c:\Users\Youssef Khaled\Documents\GitHub\Bindly\backend\controllers\tripController.js", "JavaScript", 0, 68, 0, 0, 0, 0, 5, 16, 89
"c:\Users\Youssef Khaled\Documents\GitHub\Bindly\backend\controllers\vendorController.js", "JavaScript", 0, 406, 0, 0, 0, 0, 29, 47, 482
"c:\Users\Youssef Khaled\Documents\GitHub\Bindly\backend\controllers\vendorRequestController.js", "JavaScript", 0, 297, 0, 0, 0, 0, 41, 41, 379
"c:\Users\Youssef Khaled\Documents\GitHub\Bindly\backend\controllers\workshopCompletionController.js", "JavaScript", 0, 124, 0, 0, 0, 0, 13, 23, 160
"c:\Users\Youssef Khaled\Documents\GitHub\Bindly\backend\controllers\workshopController.js", "JavaScript", 0, 987, 0, 0, 0, 0, 96, 122, 1205
"c:\Users\Youssef Khaled\Documents\GitHub\Bindly\backend\create-sample-booths.js", "JavaScript", 0, 81, 0, 0, 0, 0, 7, 10, 98
"c:\Users\Youssef Khaled\Documents\GitHub\Bindly\backend\create-sample-vendor-requests.js", "JavaScript", 0, 139, 0, 0, 0, 0, 8, 15, 162
"c:\Users\Youssef Khaled\Documents\GitHub\Bindly\backend\eslint.config.mjs", "JavaScript", 0, 23, 0, 0, 0, 0, 0, 2, 25
"c:\Users\Youssef Khaled\Documents\GitHub\Bindly\backend\middleware\authMiddleware.js", "JavaScript", 0, 52, 0, 0, 0, 0, 8, 13, 73
"c:\Users\Youssef Khaled\Documents\GitHub\Bindly\backend\middleware\uploadMiddleware.js", "JavaScript", 0, 41, 0, 0, 0, 0, 3, 10, 54
"c:\Users\Youssef Khaled\Documents\GitHub\Bindly\backend\models\AdminModel.js", "JavaScript", 0, 18, 0, 0, 0, 0, 1, 4, 23
"c:\Users\Youssef Khaled\Documents\GitHub\Bindly\backend\models\EmailModel.js", "JavaScript", 0, 37, 0, 0, 0, 0, 0, 3, 40
"c:\Users\Youssef Khaled\Documents\GitHub\Bindly\backend\models\GymSession.js", "JavaScript", 0, 32, 0, 0, 0, 0, 0, 3, 35
"c:\Users\Youssef Khaled\Documents\GitHub\Bindly\backend\models\Professor.js", "JavaScript", 0, 22, 0, 0, 0, 0, 0, 2, 24
"c:\Users\Youssef Khaled\Documents\GitHub\Bindly\backend\models\Workshop.js", "JavaScript", 0, 93, 0, 0, 0, 0, 0, 2, 95
"c:\Users\Youssef Khaled\Documents\GitHub\Bindly\backend\models\announcementModel.js", "JavaScript", 0, 35, 0, 0, 0, 0, 0, 4, 39
"c:\Users\Youssef Khaled\Documents\GitHub\Bindly\backend\models\bazaarModel.js", "JavaScript", 0, 10, 0, 0, 0, 0, 0, 4, 14
"c:\Users\Youssef Khaled\Documents\GitHub\Bindly\backend\models\boothModel.js", "JavaScript", 0, 16, 0, 0, 0, 0, 0, 3, 19
"c:\Users\Youssef Khaled\Documents\GitHub\Bindly\backend\models\courtBookingModel.js", "JavaScript", 0, 98, 0, 0, 0, 0, 2, 5, 105
"c:\Users\Youssef Khaled\Documents\GitHub\Bindly\backend\models\courtModel.js", "JavaScript", 0, 36, 0, 0, 0, 0, 0, 3, 39
"c:\Users\Youssef Khaled\Documents\GitHub\Bindly\backend\models\eventModel.js", "JavaScript", 0, 156, 0, 0, 0, 0, 10, 8, 174
"c:\Users\Youssef Khaled\Documents\GitHub\Bindly\backend\models\gymRegistrationModel.js", "JavaScript", 0, 29, 0, 0, 0, 0, 1, 5, 35
"c:\Users\Youssef Khaled\Documents\GitHub\Bindly\backend\models\gymSessionModel.js", "JavaScript", 0, 64, 0, 0, 0, 0, 1, 3, 68
"c:\Users\Youssef Khaled\Documents\GitHub\Bindly\backend\models\notificationModel.js", "JavaScript", 0, 56, 0, 0, 0, 0, 1, 5, 62
"c:\Users\Youssef Khaled\Documents\GitHub\Bindly\backend\models\paymentModel.js", "JavaScript", 0, 35, 0, 0, 0, 0, 0, 4, 39
"c:\Users\Youssef Khaled\Documents\GitHub\Bindly\backend\models\registrationModel.js", "JavaScript", 0, 31, 0, 0, 0, 0, 0, 3, 34
"c:\Users\Youssef Khaled\Documents\GitHub\Bindly\backend\models\studentRegistrationModel.js", "JavaScript", 0, 50, 0, 0, 0, 0, 2, 4, 56
"c:\Users\Youssef Khaled\Documents\GitHub\Bindly\backend\models\tripModel.js", "JavaScript", 0, 12, 0, 0, 0, 0, 0, 3, 15
"c:\Users\Youssef Khaled\Documents\GitHub\Bindly\backend\models\userModel.js", "JavaScript", 0, 171, 0, 0, 0, 0, 17, 8, 196
"c:\Users\Youssef Khaled\Documents\GitHub\Bindly\backend\models\vendorLoyaltyProgramModel.js", "JavaScript", 0, 31, 0, 0, 0, 0, 0, 5, 36
"c:\Users\Youssef Khaled\Documents\GitHub\Bindly\backend\models\vendorRequest.js", "JavaScript", 0, 70, 0, 0, 0, 0, 10, 2, 82
"c:\Users\Youssef Khaled\Documents\GitHub\Bindly\backend\models\vendorVoteModel.js", "JavaScript", 0, 24, 0, 0, 0, 0, 1, 5, 30
"c:\Users\Youssef Khaled\Documents\GitHub\Bindly\backend\package-lock.json", "JSON", 0, 0, 2815, 0, 0, 0, 0, 1, 2816
"c:\Users\Youssef Khaled\Documents\GitHub\Bindly\backend\package.json", "JSON", 0, 0, 39, 0, 0, 0, 0, 1, 40
"c:\Users\Youssef Khaled\Documents\GitHub\Bindly\backend\routes\adminRoutes.js", "JavaScript", 0, 31, 0, 0, 0, 0, 7, 10, 48
"c:\Users\Youssef Khaled\Documents\GitHub\Bindly\backend\routes\announcementRoutes.js", "JavaScript", 0, 14, 0, 0, 0, 0, 5, 9, 28
"c:\Users\Youssef Khaled\Documents\GitHub\Bindly\backend\routes\authRoutes.js", "JavaScript", 0, 106, 0, 0, 0, 0, 15, 24, 145
"c:\Users\Youssef Khaled\Documents\GitHub\Bindly\backend\routes\bazaarRoutes.js", "JavaScript", 0, 10, 0, 0, 0, 0, 4, 6, 20
"c:\Users\Youssef Khaled\Documents\GitHub\Bindly\backend\routes\boothRoutes.js", "JavaScript", 0, 16, 0, 0, 0, 0, 2, 4, 22
"c:\Users\Youssef Khaled\Documents\GitHub\Bindly\backend\routes\courtRoutes.js", "JavaScript", 0, 16, 0, 0, 0, 0, 3, 4, 23
"c:\Users\Youssef Khaled\Documents\GitHub\Bindly\backend\routes\dashboardRoutes.js", "JavaScript", 0, 14, 0, 0, 0, 0, 2, 5, 21
"c:\Users\Youssef Khaled\Documents\GitHub\Bindly\backend\routes\devEmailRoutes.js", "JavaScript", 0, 149, 0, 0, 0, 0, 6, 7, 162
"c:\Users\Youssef Khaled\Documents\GitHub\Bindly\backend\routes\eventRoutes.js", "JavaScript", 0, 123, 0, 0, 0, 0, 25, 28, 176
"c:\Users\Youssef Khaled\Documents\GitHub\Bindly\backend\routes\gymRoutes.js", "JavaScript", 0, 7, 0, 0, 0, 0, 2, 4, 13
"c:\Users\Youssef Khaled\Documents\GitHub\Bindly\backend\routes\gymSessionRoutes.js", "JavaScript", 0, 24, 0, 0, 0, 0, 9, 11, 44
"c:\Users\Youssef Khaled\Documents\GitHub\Bindly\backend\routes\professorRoutes.js", "JavaScript", 0, 11, 0, 0, 0, 0, 3, 4, 18
"c:\Users\Youssef Khaled\Documents\GitHub\Bindly\backend\routes\studentRegistrationRoutes.js", "JavaScript", 0, 14, 0, 0, 0, 0, 5, 8, 27
"c:\Users\Youssef Khaled\Documents\GitHub\Bindly\backend\routes\tripRoutes.js", "JavaScript", 0, 7, 0, 0, 0, 0, 1, 3, 11
"c:\Users\Youssef Khaled\Documents\GitHub\Bindly\backend\routes\vendorRequestRoutes.js", "JavaScript", 0, 20, 0, 0, 0, 0, 7, 10, 37
"c:\Users\Youssef Khaled\Documents\GitHub\Bindly\backend\routes\vendorRoutes.js", "JavaScript", 0, 32, 0, 0, 0, 0, 6, 8, 46
"c:\Users\Youssef Khaled\Documents\GitHub\Bindly\backend\routes\workshopRoutes.js", "JavaScript", 0, 32, 0, 0, 0, 0, 8, 6, 46
"c:\Users\Youssef Khaled\Documents\GitHub\Bindly\backend\scripts\README.md", "Markdown", 49, 0, 0, 0, 0, 0, 0, 19, 68
"c:\Users\Youssef Khaled\Documents\GitHub\Bindly\backend\scripts\TEST_EVENTS_README.md", "Markdown", 92, 0, 0, 0, 0, 0, 0, 41, 133
"c:\Users\Youssef Khaled\Documents\GitHub\Bindly\backend\scripts\create-test-events.js", "JavaScript", 0, 404, 0, 0, 0, 0, 21, 33, 458
"c:\Users\Youssef Khaled\Documents\GitHub\Bindly\backend\scripts\create-test-users.js", "JavaScript", 0, 121, 0, 0, 0, 0, 8, 16, 145
"c:\Users\Youssef Khaled\Documents\GitHub\Bindly\backend\scripts\migrateEventRatings.js", "JavaScript", 0, 34, 0, 0, 0, 0, 7, 10, 51
"c:\Users\Youssef Khaled\Documents\GitHub\Bindly\backend\scripts\seedCourts.js", "JavaScript", 0, 67, 0, 0, 0, 0, 4, 8, 79
"c:\Users\Youssef Khaled\Documents\GitHub\Bindly\backend\scripts\test-vendor-loyalty-program.js", "JavaScript", 0, 138, 0, 0, 0, 0, 0, 15, 153
"c:\Users\Youssef Khaled\Documents\GitHub\Bindly\backend\server.js", "JavaScript", 0, 68, 0, 0, 0, 0, 12, 11, 91
"c:\Users\Youssef Khaled\Documents\GitHub\Bindly\backend\standalone-booth-events-final.json", "JSON", 0, 0, 206, 0, 0, 0, 0, 1, 207
"c:\Users\Youssef Khaled\Documents\GitHub\Bindly\backend\standalone-booth-events.json", "JSON", 0, 0, 222, 0, 0, 0, 0, 1, 223
"c:\Users\Youssef Khaled\Documents\GitHub\Bindly\backend\standalone-booths-data.json", "JSON", 0, 0, 146, 0, 0, 0, 0, 1, 147
"c:\Users\Youssef Khaled\Documents\GitHub\Bindly\backend\standalone-booths.json", "JSON", 0, 0, 114, 0, 0, 0, 0, 1, 115
"c:\Users\Youssef Khaled\Documents\GitHub\Bindly\backend\utils\mailer.js", "JavaScript", 0, 111, 0, 0, 0, 0, 4, 14, 129
"c:\Users\Youssef Khaled\Documents\GitHub\Bindly\backend\utils\sendGymCancellationEmail.js", "JavaScript", 0, 106, 0, 0, 0, 0, 2, 11, 119
"c:\Users\Youssef Khaled\Documents\GitHub\Bindly\backend\utils\sendReceiptEmail.js", "JavaScript", 0, 109, 0, 0, 0, 0, 2, 11, 122
"c:\Users\Youssef Khaled\Documents\GitHub\Bindly\backend\utils\sendRefundEmail.js", "JavaScript", 0, 100, 0, 0, 0, 0, 2, 11, 113
"c:\Users\Youssef Khaled\Documents\GitHub\Bindly\backend\utils\sendWorkshopCompletionEmail.js", "JavaScript", 0, 101, 0, 0, 0, 0, 2, 11, 114
"c:\Users\Youssef Khaled\Documents\GitHub\Bindly\backend\vendor-requests.json", "JSON", 0, 0, 154, 0, 0, 0, 0, 1, 155
"c:\Users\Youssef Khaled\Documents\GitHub\Bindly\create-admin.js", "JavaScript", 0, 53, 0, 0, 0, 0, 4, 10, 67
"c:\Users\Youssef Khaled\Documents\GitHub\Bindly\frontend\build\asset-manifest.json", "JSON", 0, 0, 13, 0, 0, 0, 0, 0, 13
"c:\Users\Youssef Khaled\Documents\GitHub\Bindly\frontend\build\index.html", "HTML", 0, 0, 0, 0, 0, 1, 0, 0, 1
"c:\Users\Youssef Khaled\Documents\GitHub\Bindly\frontend\build\manifest.json", "JSON", 0, 0, 15, 0, 0, 0, 0, 1, 16
"c:\Users\Youssef Khaled\Documents\GitHub\Bindly\frontend\build\static\css\main.a089f917.css", "PostCSS", 0, 0, 0, 1, 0, 0, 1, 0, 2
"c:\Users\Youssef Khaled\Documents\GitHub\Bindly\frontend\build\static\js\main.05c96ac2.js", "JavaScript", 0, 1, 0, 0, 0, 0, 2, 0, 3
"c:\Users\Youssef Khaled\Documents\GitHub\Bindly\frontend\devServer.js", "JavaScript", 0, 16, 0, 0, 0, 0, 4, 6, 26
"c:\Users\Youssef Khaled\Documents\GitHub\Bindly\frontend\package-lock.json", "JSON", 0, 0, 25669, 0, 0, 0, 0, 1, 25670
"c:\Users\Youssef Khaled\Documents\GitHub\Bindly\frontend\package.json", "JSON", 0, 0, 43, 0, 0, 0, 0, 1, 44
"c:\Users\Youssef Khaled\Documents\GitHub\Bindly\frontend\public\assets\images\README.md", "Markdown", 12, 0, 0, 0, 0, 0, 0, 7, 19
"c:\Users\Youssef Khaled\Documents\GitHub\Bindly\frontend\public\index.html", "HTML", 0, 0, 0, 0, 0, 56, 0, 1, 57
"c:\Users\Youssef Khaled\Documents\GitHub\Bindly\frontend\public\manifest.json", "JSON", 0, 0, 15, 0, 0, 0, 0, 1, 16
"c:\Users\Youssef Khaled\Documents\GitHub\Bindly\frontend\src\App.jsx", "JavaScript JSX", 0, 0, 0, 0, 568, 0, 9, 28, 605
"c:\Users\Youssef Khaled\Documents\GitHub\Bindly\frontend\src\api\adminApi.js", "JavaScript", 0, 379, 0, 0, 0, 0, 22, 41, 442
"c:\Users\Youssef Khaled\Documents\GitHub\Bindly\frontend\src\api\bazaarApi.js", "JavaScript", 0, 11, 0, 0, 0, 0, 1, 4, 16
"c:\Users\Youssef Khaled\Documents\GitHub\Bindly\frontend\src\api\courtsApi.js", "JavaScript", 0, 127, 0, 0, 0, 0, 11, 12, 150
"c:\Users\Youssef Khaled\Documents\GitHub\Bindly\frontend\src\api\eventManagementApi.js", "JavaScript", 0, 53, 0, 0, 0, 0, 3, 4, 60
"c:\Users\Youssef Khaled\Documents\GitHub\Bindly\frontend\src\api\eventsApi.js", "JavaScript", 0, 227, 0, 0, 0, 0, 9, 20, 256
"c:\Users\Youssef Khaled\Documents\GitHub\Bindly\frontend\src\api\gymApi.js", "JavaScript", 0, 33, 0, 0, 0, 0, 2, 8, 43
"c:\Users\Youssef Khaled\Documents\GitHub\Bindly\frontend\src\api\gymSessionApi.js", "JavaScript", 0, 58, 0, 0, 0, 0, 0, 6, 64
"c:\Users\Youssef Khaled\Documents\GitHub\Bindly\frontend\src\api\professorApi.js", "JavaScript", 0, 387, 0, 0, 0, 0, 28, 29, 444
"c:\Users\Youssef Khaled\Documents\GitHub\Bindly\frontend\src\api\studentRegistrationApi.js", "JavaScript", 0, 68, 0, 0, 0, 0, 4, 7, 79
"c:\Users\Youssef Khaled\Documents\GitHub\Bindly\frontend\src\api\vendorApi.js", "JavaScript", 0, 74, 0, 0, 0, 0, 6, 15, 95
"c:\Users\Youssef Khaled\Documents\GitHub\Bindly\frontend\src\api\vendorRequestApi.js", "JavaScript", 0, 143, 0, 0, 0, 0, 4, 20, 167
"c:\Users\Youssef Khaled\Documents\GitHub\Bindly\frontend\src\components\BazaarForm.jsx", "JavaScript JSX", 0, 0, 0, 0, 204, 0, 1, 15, 220
"c:\Users\Youssef Khaled\Documents\GitHub\Bindly\frontend\src\components\BoothApplicationForm.jsx", "JavaScript JSX", 0, 0, 0, 0, 300, 0, 11, 23, 334
"c:\Users\Youssef Khaled\Documents\GitHub\Bindly\frontend\src\components\BoothList.jsx", "JavaScript JSX", 0, 0, 0, 0, 311, 0, 0, 15, 326
"c:\Users\Youssef Khaled\Documents\GitHub\Bindly\frontend\src\components\CampusMapSelector.jsx", "JavaScript JSX", 0, 0, 0, 0, 123, 0, 3, 12, 138
"c:\Users\Youssef Khaled\Documents\GitHub\Bindly\frontend\src\components\ConferenceForm.jsx", "JavaScript JSX", 0, 0, 0, 0, 315, 0, 0, 19, 334
"c:\Users\Youssef Khaled\Documents\GitHub\Bindly\frontend\src\components\GymSessionForm.jsx", "JavaScript JSX", 0, 0, 0, 0, 154, 0, 3, 19, 176
"c:\Users\Youssef Khaled\Documents\GitHub\Bindly\frontend\src\components\Navbar.jsx", "JavaScript JSX", 0, 0, 0, 0, 443, 0, 19, 25, 487
"c:\Users\Youssef Khaled\Documents\GitHub\Bindly\frontend\src\components\PlatformBoothMapSelector.jsx", "JavaScript JSX", 0, 0, 0, 0, 126, 0, 2, 11, 139
"c:\Users\Youssef Khaled\Documents\GitHub\Bindly\frontend\src\components\PlatformMapSelector.jsx", "JavaScript JSX", 0, 0, 0, 0, 427, 0, 29, 35, 491
"c:\Users\Youssef Khaled\Documents\GitHub\Bindly\frontend\src\components\ProfessorDashboardOverview.jsx", "JavaScript JSX", 0, 0, 0, 0, 158, 0, 4, 21, 183
"c:\Users\Youssef Khaled\Documents\GitHub\Bindly\frontend\src\components\StandaloneBoothsBrowser.jsx", "JavaScript JSX", 0, 0, 0, 0, 276, 0, 4, 22, 302
"c:\Users\Youssef Khaled\Documents\GitHub\Bindly\frontend\src\components\StudentDashboard.jsx", "JavaScript JSX", 0, 0, 0, 0, 601, 0, 13, 30, 644
"c:\Users\Youssef Khaled\Documents\GitHub\Bindly\frontend\src\components\StudentRegistrationForm.jsx", "JavaScript JSX", 0, 0, 0, 0, 437, 0, 4, 20, 461
"c:\Users\Youssef Khaled\Documents\GitHub\Bindly\frontend\src\components\TripForm.jsx", "JavaScript JSX", 0, 0, 0, 0, 238, 0, 0, 16, 254
"c:\Users\Youssef Khaled\Documents\GitHub\Bindly\frontend\src\components\WorkshopEditRequestModal.jsx", "JavaScript JSX", 0, 0, 0, 0, 93, 0, 3, 16, 112
"c:\Users\Youssef Khaled\Documents\GitHub\Bindly\frontend\src\contexts\AuthContext.jsx", "JavaScript JSX", 0, 0, 0, 0, 117, 0, 17, 24, 158
"c:\Users\Youssef Khaled\Documents\GitHub\Bindly\frontend\src\index.js", "JavaScript", 0, 10, 0, 0, 0, 0, 0, 2, 12
"c:\Users\Youssef Khaled\Documents\GitHub\Bindly\frontend\src\pages\AdminEvents.jsx", "JavaScript JSX", 0, 0, 0, 0, 475, 0, 21, 35, 531
"c:\Users\Youssef Khaled\Documents\GitHub\Bindly\frontend\src\pages\AdminLogin.jsx", "JavaScript JSX", 0, 0, 0, 0, 112, 0, 2, 15, 129
"c:\Users\Youssef Khaled\Documents\GitHub\Bindly\frontend\src\pages\AdminManagement.jsx", "JavaScript JSX", 0, 0, 0, 0, 633, 0, 20, 52, 705
"c:\Users\Youssef Khaled\Documents\GitHub\Bindly\frontend\src\pages\AdminProfile.jsx", "JavaScript JSX", 0, 0, 0, 0, 479, 0, 12, 50, 541
"c:\Users\Youssef Khaled\Documents\GitHub\Bindly\frontend\src\pages\AdminUsers.jsx", "JavaScript JSX", 0, 0, 0, 0, 396, 0, 23, 52, 471
"c:\Users\Youssef Khaled\Documents\GitHub\Bindly\frontend\src\pages\AdminVendors.jsx", "JavaScript JSX", 0, 0, 0, 0, 220, 0, 9, 17, 246
"c:\Users\Youssef Khaled\Documents\GitHub\Bindly\frontend\src\pages\Confrences.jsx", "JavaScript JSX", 0, 0, 0, 0, 116, 0, 1, 15, 132
"c:\Users\Youssef Khaled\Documents\GitHub\Bindly\frontend\src\pages\CourtAvailability.jsx", "JavaScript JSX", 0, 0, 0, 0, 404, 0, 4, 32, 440
"c:\Users\Youssef Khaled\Documents\GitHub\Bindly\frontend\src\pages\CreateBazaar.jsx", "JavaScript JSX", 0, 0, 0, 0, 1012, 0, 23, 36, 1071
"c:\Users\Youssef Khaled\Documents\GitHub\Bindly\frontend\src\pages\CreateBooth.jsx", "JavaScript JSX", 0, 0, 0, 0, 175, 0, 2, 22, 199
"c:\Users\Youssef Khaled\Documents\GitHub\Bindly\frontend\src\pages\CreateConfrence.jsx", "JavaScript JSX", 0, 0, 0, 0, 1168, 0, 20, 35, 1223
"c:\Users\Youssef Khaled\Documents\GitHub\Bindly\frontend\src\pages\CreateGymSession.jsx", "JavaScript JSX", 0, 0, 0, 0, 928, 0, 18, 33, 979
"c:\Users\Youssef Khaled\Documents\GitHub\Bindly\frontend\src\pages\CreateTrip.jsx", "JavaScript JSX", 0, 0, 0, 0, 1051, 0, 18, 32, 1101
"c:\Users\Youssef Khaled\Documents\GitHub\Bindly\frontend\src\pages\Dashboard.jsx", "JavaScript JSX", 0, 0, 0, 0, 276, 0, 9, 26, 311
"c:\Users\Youssef Khaled\Documents\GitHub\Bindly\frontend\src\pages\EditBazaar.jsx", "JavaScript JSX", 0, 0, 0, 0, 105, 0, 1, 12, 118
"c:\Users\Youssef Khaled\Documents\GitHub\Bindly\frontend\src\pages\EditConfrences.jsx", "JavaScript JSX", 0, 0, 0, 0, 162, 0, 0, 19, 181
"c:\Users\Youssef Khaled\Documents\GitHub\Bindly\frontend\src\pages\EditTrip.jsx", "JavaScript JSX", 0, 0, 0, 0, 87, 0, 2, 11, 100
"c:\Users\Youssef Khaled\Documents\GitHub\Bindly\frontend\src\pages\Events.jsx", "JavaScript JSX", 0, 0, 0, 0, 782, 0, 29, 45, 856
"c:\Users\Youssef Khaled\Documents\GitHub\Bindly\frontend\src\pages\EventsList.jsx", "JavaScript JSX", 0, 0, 0, 0, 1135, 0, 41, 64, 1240
"c:\Users\Youssef Khaled\Documents\GitHub\Bindly\frontend\src\pages\EventsOfficeDashboard.jsx", "JavaScript JSX", 0, 0, 0, 0, 904, 0, 20, 35, 959
"c:\Users\Youssef Khaled\Documents\GitHub\Bindly\frontend\src\pages\EventsOfficeEventsView.jsx", "JavaScript JSX", 0, 0, 0, 0, 2260, 0, 73, 117, 2450
"c:\Users\Youssef Khaled\Documents\GitHub\Bindly\frontend\src\pages\GymManage.jsx", "JavaScript JSX", 0, 0, 0, 0, 152, 0, 1, 21, 174
"c:\Users\Youssef Khaled\Documents\GitHub\Bindly\frontend\src\pages\GymSchedule.jsx", "JavaScript JSX", 0, 0, 0, 0, 976, 0, 29, 41, 1046
"c:\Users\Youssef Khaled\Documents\GitHub\Bindly\frontend\src\pages\Login.jsx", "JavaScript JSX", 0, 0, 0, 0, 444, 0, 11, 25, 480
"c:\Users\Youssef Khaled\Documents\GitHub\Bindly\frontend\src\pages\PendingVerification.jsx", "JavaScript JSX", 0, 0, 0, 0, 141, 0, 12, 13, 166
"c:\Users\Youssef Khaled\Documents\GitHub\Bindly\frontend\src\pages\PlatformBoothReservation.jsx", "JavaScript JSX", 0, 0, 0, 0, 463, 0, 21, 43, 527
"c:\Users\Youssef Khaled\Documents\GitHub\Bindly\frontend\src\pages\PlatformBooths.jsx", "JavaScript JSX", 0, 0, 0, 0, 826, 0, 21, 47, 894
"c:\Users\Youssef Khaled\Documents\GitHub\Bindly\frontend\src\pages\ProfessorAllEvents.jsx", "JavaScript JSX", 0, 0, 0, 0, 387, 0, 12, 27, 426
"c:\Users\Youssef Khaled\Documents\GitHub\Bindly\frontend\src\pages\ProfessorEvents.jsx", "JavaScript JSX", 0, 0, 0, 0, 718, 0, 14, 51, 783
"c:\Users\Youssef Khaled\Documents\GitHub\Bindly\frontend\src\pages\ProfessorGymSchedule.jsx", "JavaScript JSX", 0, 0, 0, 0, 129, 0, 3, 17, 149
"c:\Users\Youssef Khaled\Documents\GitHub\Bindly\frontend\src\pages\ProfessorProfile.jsx", "JavaScript JSX", 0, 0, 0, 0, 271, 0, 3, 32, 306
"c:\Users\Youssef Khaled\Documents\GitHub\Bindly\frontend\src\pages\Signup.jsx", "JavaScript JSX", 0, 0, 0, 0, 1013, 0, 24, 55, 1092
"c:\Users\Youssef Khaled\Documents\GitHub\Bindly\frontend\src\pages\StaffEventsView.jsx", "JavaScript JSX", 0, 0, 0, 0, 485, 0, 6, 48, 539
"c:\Users\Youssef Khaled\Documents\GitHub\Bindly\frontend\src\pages\StaffMyRegistrations.jsx", "JavaScript JSX", 0, 0, 0, 0, 209, 0, 0, 20, 229
"c:\Users\Youssef Khaled\Documents\GitHub\Bindly\frontend\src\pages\StudentCourtsView.jsx", "JavaScript JSX", 0, 0, 0, 0, 361, 0, 3, 38, 402
"c:\Users\Youssef Khaled\Documents\GitHub\Bindly\frontend\src\pages\StudentEventsView.jsx", "JavaScript JSX", 0, 0, 0, 0, 1468, 0, 18, 47, 1533
"c:\Users\Youssef Khaled\Documents\GitHub\Bindly\frontend\src\pages\StudentMyRegistrations.jsx", "JavaScript JSX", 0, 0, 0, 0, 1074, 0, 9, 37, 1120
"c:\Users\Youssef Khaled\Documents\GitHub\Bindly\frontend\src\pages\VendorAccepted.jsx", "JavaScript JSX", 0, 0, 0, 0, 84, 0, 0, 10, 94
"c:\Users\Youssef Khaled\Documents\GitHub\Bindly\frontend\src\pages\VendorBazaars.jsx", "JavaScript JSX", 0, 0, 0, 0, 918, 0, 25, 40, 983
"c:\Users\Youssef Khaled\Documents\GitHub\Bindly\frontend\src\pages\VendorBoothsSection.jsx", "JavaScript JSX", 0, 0, 0, 0, 321, 0, 7, 21, 349
"c:\Users\Youssef Khaled\Documents\GitHub\Bindly\frontend\src\pages\VendorDashboard.jsx", "JavaScript JSX", 0, 0, 0, 0, 959, 0, 23, 33, 1015
"c:\Users\Youssef Khaled\Documents\GitHub\Bindly\frontend\src\pages\VendorRequests.jsx", "JavaScript JSX", 0, 0, 0, 0, 364, 0, 20, 21, 405
"c:\Users\Youssef Khaled\Documents\GitHub\Bindly\frontend\src\routes.js", "JavaScript", 0, 18, 0, 0, 0, 0, 0, 2, 20
"c:\Users\Youssef Khaled\Documents\GitHub\Bindly\frontend\src\setupProxy.js", "JavaScript", 0, 13, 0, 0, 0, 0, 0, 1, 14
"c:\Users\Youssef Khaled\Documents\GitHub\Bindly\frontend\src\styles\BazaarForm.css", "PostCSS", 0, 0, 0, 41, 0, 0, 1, 7, 49
"c:\Users\Youssef Khaled\Documents\GitHub\Bindly\frontend\src\styles\CreateBazaar.css", "PostCSS", 0, 0, 0, 124, 0, 0, 1, 23, 148
"c:\Users\Youssef Khaled\Documents\GitHub\Bindly\frontend\src\styles\CreateGymSession.css", "PostCSS", 0, 0, 0, 58, 0, 0, 1, 12, 71
"c:\Users\Youssef Khaled\Documents\GitHub\Bindly\frontend\src\styles\CreateTrip.css", "PostCSS", 0, 0, 0, 57, 0, 0, 0, 10, 67
"c:\Users\Youssef Khaled\Documents\GitHub\Bindly\frontend\src\styles\EditBazaar.css", "PostCSS", 0, 0, 0, 75, 0, 0, 0, 13, 88
"c:\Users\Youssef Khaled\Documents\GitHub\Bindly\frontend\src\styles\EditTrip.css", "PostCSS", 0, 0, 0, 75, 0, 0, 0, 13, 88
"c:\Users\Youssef Khaled\Documents\GitHub\Bindly\frontend\src\styles\EventsList.css", "PostCSS", 0, 0, 0, 119, 0, 0, 0, 21, 140
"c:\Users\Youssef Khaled\Documents\GitHub\Bindly\frontend\src\styles\GymSessionForm.css", "PostCSS", 0, 0, 0, 65, 0, 0, 1, 11, 77
"c:\Users\Youssef Khaled\Documents\GitHub\Bindly\frontend\src\styles\StudentCourtsView.css", "PostCSS", 0, 0, 0, 403, 0, 0, 3, 68, 474
"c:\Users\Youssef Khaled\Documents\GitHub\Bindly\frontend\src\styles\StudentRegistrationForm.css", "PostCSS", 0, 0, 0, 246, 0, 0, 2, 46, 294
"c:\Users\Youssef Khaled\Documents\GitHub\Bindly\frontend\src\styles\TripForm.css", "PostCSS", 0, 0, 0, 49, 0, 0, 2, 9, 60
"c:\Users\Youssef Khaled\Documents\GitHub\Bindly\frontend\src\styles\VendorBazaars.css", "PostCSS", 0, 0, 0, 358, 0, 0, 10, 65, 433
"c:\Users\Youssef Khaled\Documents\GitHub\Bindly\frontend\src\styles\conference.css", "PostCSS", 0, 0, 0, 61, 0, 0, 0, 13, 74
"c:\Users\Youssef Khaled\Documents\GitHub\Bindly\frontend\src\styles\index.css", "PostCSS", 0, 0, 0, 200, 0, 0, 9, 38, 247
"c:\Users\Youssef Khaled\Documents\GitHub\Bindly\frontend\webpackDevServer.config.js", "JavaScript", 0, 14, 0, 0, 0, 0, 0, 1, 15
"c:\Users\Youssef Khaled\Documents\GitHub\Bindly\package-lock.json", "JSON", 0, 0, 688, 0, 0, 0, 0, 1, 689
"c:\Users\Youssef Khaled\Documents\GitHub\Bindly\package.json", "JSON", 0, 0, 32, 0, 0, 0, 0, 1, 33
"c:\Users\Youssef Khaled\Documents\GitHub\Bindly\test-professor-events.js", "JavaScript", 0, 23, 0, 0, 0, 0, 3, 9, 35
"Total", "-", 901, 11921, 30171, 1932, 29534, 57, 1710, 4051, 80277